,result,time
0,False,1498754079
1,False,1498754084
2,False,1498754088
3,False,1498754093
4,False,1498754097
5,False,1498754102
6,False,1498754106
7,False,1498754111
8,False,1498754116
9,False,1498754120
10,False,1498754125
11,False,1498754129
12,False,1498754134
13,False,1498754138
14,False,1498754143
15,False,1498754147
16,False,1498754152
17,False,1498754156
18,False,1498754161
19,False,1498754165
20,False,1498754170
21,False,1498754174
22,False,1498754179
23,False,1498754183
24,False,1498754188
25,False,1498754192
26,False,1498754197
27,False,1498754202
28,False,1498754206
29,False,1498754211
30,False,1498754215
31,False,1498754220
32,False,1498754224
33,False,1498754229
34,False,1498754233
35,False,1498754238
36,False,1498754242
37,False,1498754247
38,False,1498754251
39,False,1498754256
40,False,1498754260
41,False,1498754265
42,False,1498754269
43,False,1498754274
44,False,1498754278
45,False,1498754283
46,False,1498754287
47,False,1498754292
48,False,1498754296
49,False,1498754301
50,False,1498754305
51,False,1498754310
52,False,1498754314
53,False,1498754319
54,False,1498754323
55,False,1498754328
56,False,1498754332
57,False,1498754337
58,False,1498754341
59,False,1498754346
60,False,1498754350
61,False,1498754355
62,False,1498754360
63,False,1498754364
64,False,1498754369
65,False,1498754373
66,False,1498754378
67,False,1498754382
68,False,1498754387
69,False,1498754391
70,False,1498754396
71,False,1498754400
72,False,1498754405
73,False,1498754409
74,True,1498754414
75,True,1498754418
76,True,1498754423
77,False,1498754427
78,False,1498754432
79,False,1498754436
80,False,1498754441
81,True,1498754446
82,True,1498754450
83,True,1498754455
84,True,1498754459
85,False,1498754464
86,True,1498754468
87,True,1498754473
88,True,1498754477
89,True,1498754482
90,False,1498754486
91,False,1498754491
92,False,1498754495
93,True,1498754500
94,True,1498754504
95,False,1498754509
96,False,1498754513
97,False,1498754518
98,False,1498754522
99,False,1498754527
100,False,1498754531
101,False,1498754536
102,False,1498754540
103,False,1498754545
104,False,1498754549
105,False,1498754554
106,False,1498754558
107,False,1498754563
108,False,1498754568
109,False,1498754572
110,False,1498754577
111,False,1498754581
112,False,1498754586
113,False,1498754590
114,False,1498754595
115,False,1498754599
116,False,1498754604
117,False,1498754608
118,False,1498754613
119,False,1498754617
120,False,1498754622
121,False,1498754626
122,False,1498754631
123,False,1498754635
124,False,1498754640
125,False,1498754644
126,False,1498754649
127,False,1498754653
128,True,1498754658
129,True,1498754662
130,False,1498754667
131,False,1498754671
132,False,1498754676
133,False,1498754680
134,False,1498754685
135,True,1498754690
136,True,1498754694
137,False,1498754699
138,False,1498754703
139,False,1498754708
140,True,1498754712
141,True,1498754717
142,True,1498754721
143,False,1498754726
144,False,1498754730
145,False,1498754735
146,False,1498754739
147,False,1498754744
148,False,1498754748
149,False,1498754753
150,False,1498754757
151,False,1498754762
152,False,1498754766
153,False,1498754771
154,False,1498754775
155,False,1498754780
156,False,1498754784
157,False,1498754789
158,False,1498754793
159,False,1498754798
160,False,1498754802
161,False,1498754807
162,False,1498754811
163,False,1498754816
164,False,1498754820
165,False,1498754825
166,False,1498754829
167,False,1498754834
168,False,1498754839
169,False,1498754843
170,False,1498754848
171,False,1498754852
172,False,1498754857
173,False,1498754861
174,False,1498754866
175,False,1498754870
176,False,1498754875
177,False,1498754879
178,True,1498754884
179,True,1498754888
180,True,1498754893
181,False,1498754897
182,False,1498754902
183,False,1498754906
184,False,1498754911
185,True,1498754915
186,True,1498754920
187,True,1498754925
188,True,1498754929
189,True,1498754934
190,True,1498754938
191,True,1498754943
192,True,1498754947
193,True,1498754952
194,False,1498754956
195,False,1498754961
196,False,1498754965
197,False,1498754970
198,False,1498754974
199,True,1498754979
200,True,1498754983
201,False,1498754988
202,False,1498754992
203,False,1498754997
204,False,1498755001
205,False,1498755006
206,False,1498755011
207,False,1498755015
208,False,1498755020
209,False,1498755024
210,False,1498755029
211,False,1498755033
212,False,1498755038
213,False,1498755042
214,False,1498755047
215,False,1498755051
216,False,1498755056
217,False,1498755060
218,False,1498755065
219,False,1498755069
220,False,1498755074
221,False,1498755078
222,False,1498755083
223,False,1498755087
224,False,1498755092
225,False,1498755096
226,False,1498755101
227,False,1498755105
228,False,1498755110
229,False,1498755115
230,False,1498755119
231,True,1498755123
232,True,1498755128
233,False,1498755132
234,False,1498755136
235,True,1498755140
236,True,1498755145
237,False,1498755149
238,True,1498755153
239,True,1498755157
240,True,1498755162
241,True,1498755166
242,True,1498755171
243,True,1498755175
244,True,1498755180
245,True,1498755184
246,False,1498755189
247,True,1498755193
248,True,1498755198
249,True,1498755203
250,True,1498755207
251,True,1498755212
252,False,1498755216
253,False,1498755221
254,False,1498755225
255,False,1498755230
256,False,1498755234
257,False,1498755239
258,False,1498755243
259,False,1498755248
260,False,1498755252
261,False,1498755257
262,False,1498755261
263,False,1498755266
264,False,1498755270
265,False,1498755275
266,False,1498755280
267,False,1498755284
268,False,1498755289
269,False,1498755293
270,False,1498755298
271,False,1498755302
272,False,1498755307
273,False,1498755311
274,False,1498755316
275,False,1498755320
276,False,1498755325
277,False,1498755329
278,False,1498755334
279,False,1498755338
280,False,1498755343
281,False,1498755347
282,False,1498755352
283,False,1498755356
284,False,1498755361
285,False,1498755365
286,False,1498755370
287,False,1498755374
288,False,1498755379
289,False,1498755383
290,False,1498755388
291,False,1498755393
292,False,1498755397
293,False,1498755402
294,False,1498755406
295,False,1498755411
296,False,1498755415
297,False,1498755420
298,True,1498755424
299,True,1498755429
300,True,1498755433
301,True,1498755438
302,False,1498755442
303,False,1498755447
304,False,1498755451
305,True,1498755456
306,True,1498755460
307,True,1498755465
308,True,1498755470
309,True,1498755474
310,True,1498755479
311,True,1498755483
312,True,1498755488
313,True,1498755492
314,False,1498755497
315,False,1498755501
316,False,1498755506
317,True,1498755510
318,True,1498755515
319,True,1498755519
320,True,1498755524
321,False,1498755528
322,False,1498755533
323,False,1498755537
324,True,1498755542
325,True,1498755546
326,False,1498755551
327,False,1498755556
328,False,1498755560
329,False,1498755565
330,False,1498755569
331,False,1498755574
332,False,1498755578
333,False,1498755583
334,False,1498755587
335,False,1498755592
336,False,1498755596
337,False,1498755601
338,False,1498755605
339,False,1498755610
340,False,1498755614
341,False,1498755619
342,False,1498755623
343,False,1498755628
344,False,1498755632
345,False,1498755637
346,False,1498755642
347,False,1498755646
348,False,1498755651
349,False,1498755655
350,False,1498755660
351,False,1498755664
352,False,1498755669
353,False,1498755673
354,False,1498755678
355,False,1498755682
356,False,1498755687
357,False,1498755691
358,False,1498755696
359,False,1498755700
360,False,1498755705
361,False,1498755710
362,False,1498755714
363,False,1498755719
364,False,1498755723
365,True,1498755728
366,True,1498755732
367,False,1498755737
368,False,1498755741
369,False,1498755746
370,False,1498755750
371,False,1498755755
372,True,1498755759
373,True,1498755764
374,False,1498755768
375,False,1498755773
376,False,1498755777
377,False,1498755782
378,False,1498755786
379,True,1498755791
380,True,1498755796
381,False,1498755800
382,False,1498755805
383,False,1498755809
384,False,1498755814
385,True,1498755818
386,True,1498755823
387,False,1498755827
388,False,1498755832
389,False,1498755836
390,False,1498755841
391,False,1498755845
392,False,1498755850
393,False,1498755854
394,False,1498755859
395,False,1498755863
396,False,1498755868
397,False,1498755872
398,False,1498755877
399,False,1498755881
400,False,1498755886
401,False,1498755891
402,False,1498755895
403,False,1498755900
404,False,1498755904
405,False,1498755909
406,False,1498755913
407,False,1498755918
408,False,1498755922
409,False,1498755927
410,False,1498755931
411,False,1498755936
412,False,1498755940
413,False,1498755945
414,False,1498755949
415,False,1498755954
416,False,1498755958
417,False,1498755963
418,False,1498755968
419,False,1498755972
420,False,1498755977
421,False,1498755981
422,False,1498755986
423,False,1498755990
424,False,1498755995
425,False,1498755999
426,False,1498756004
427,False,1498756008
428,False,1498756013
429,False,1498756017
430,False,1498756022
431,False,1498756026
432,False,1498756031
433,False,1498756035
434,False,1498756040
435,False,1498756044
436,True,1498756049
437,True,1498756053
438,True,1498756057
439,True,1498756062
440,True,1498756066
441,True,1498756070
442,True,1498756074
443,True,1498756079
444,True,1498756083
445,True,1498756087
446,True,1498756092
447,True,1498756096
448,True,1498756101
449,True,1498756105
450,True,1498756110
451,False,1498756114
452,False,1498756119
453,True,1498756123
454,True,1498756128
455,True,1498756132
456,True,1498756137
457,True,1498756141
458,False,1498756146
459,False,1498756150
460,True,1498756155
461,True,1498756160
462,True,1498756164
463,True,1498756169
464,False,1498756173
465,False,1498756178
466,False,1498756182
467,False,1498756187
468,False,1498756191
469,False,1498756196
470,False,1498756200
471,False,1498756205
472,False,1498756209
473,False,1498756214
474,False,1498756218
475,False,1498756223
476,False,1498756227
477,False,1498756232
478,False,1498756236
479,False,1498756241
480,False,1498756245
481,False,1498756250
482,False,1498756254
483,False,1498756259
484,False,1498756264
485,False,1498756268
486,False,1498756273
487,False,1498756277
488,False,1498756282
489,False,1498756286
490,False,1498756291
491,False,1498756295
492,False,1498756300
493,False,1498756304
494,False,1498756309
495,False,1498756313
496,False,1498756318
497,False,1498756322
498,False,1498756327
499,False,1498756331
500,False,1498756336
501,False,1498756340
502,False,1498756345
503,False,1498756349
504,False,1498756354
505,False,1498756358
506,False,1498756363
507,False,1498756368
508,False,1498756372
509,False,1498756377
510,False,1498756381
511,False,1498756386
512,False,1498756390
513,False,1498756395
514,False,1498756399
515,False,1498756404
516,False,1498756408
517,False,1498756413
518,False,1498756417
519,False,1498756422
520,False,1498756426
521,False,1498756431
522,False,1498756435
523,False,1498756440
524,False,1498756444
525,False,1498756449
526,False,1498756453
527,False,1498756458
528,False,1498756462
529,False,1498756467
530,False,1498756471
531,False,1498756476
532,False,1498756480
533,False,1498756485
534,False,1498756489
535,False,1498756494
536,False,1498756499
537,False,1498756503
538,False,1498756508
539,False,1498756512
540,False,1498756517
541,False,1498756521
542,False,1498756526
543,False,1498756530
544,False,1498756535
545,False,1498756539
546,False,1498756544
547,False,1498756548
548,False,1498756553
549,False,1498756557
550,False,1498756562
551,False,1498756566
552,False,1498756571
553,False,1498756576
554,False,1498756580
555,False,1498756585
556,False,1498756589
557,False,1498756594
558,False,1498756598
559,False,1498756603
560,False,1498756607
561,False,1498756612
562,False,1498756616
563,False,1498756621
564,False,1498756625
565,False,1498756630
566,False,1498756634
567,False,1498756639
568,False,1498756643
569,False,1498756648
570,False,1498756652
571,False,1498756657
572,False,1498756661
573,False,1498756666
574,False,1498756670
575,False,1498756675
576,False,1498756679
577,False,1498756684
578,False,1498756689
579,False,1498756693
580,False,1498756698
581,False,1498756702
582,False,1498756707
583,False,1498756711
584,False,1498756716
585,False,1498756720
586,False,1498756725
587,False,1498756729
588,False,1498756734
589,False,1498756738
590,False,1498756743
591,False,1498756747
592,False,1498756752
593,False,1498756756
594,False,1498756761
595,False,1498756766
596,False,1498756770
597,False,1498756775
598,False,1498756779
599,False,1498756784
600,False,1498756788
601,False,1498756793
602,False,1498756797
603,False,1498756802
604,False,1498756806
605,False,1498756811
606,False,1498756815
607,False,1498756820
608,False,1498756824
609,False,1498756829
610,False,1498756833
611,False,1498756838
612,False,1498756842
613,False,1498756847
614,False,1498756851
615,False,1498756856
616,False,1498756861
617,False,1498756865
618,False,1498756870
619,False,1498756874
620,False,1498756879
621,False,1498756883
622,False,1498756888
623,False,1498756892
624,False,1498756897
625,False,1498756901
626,False,1498756906
627,False,1498756910
628,False,1498756915
629,False,1498756919
630,False,1498756924
631,False,1498756928
632,False,1498756933
633,False,1498756938
634,False,1498756942
635,False,1498756947
636,False,1498756951
637,False,1498756956
638,False,1498756960
639,False,1498756965
640,False,1498756969
641,False,1498756974
642,False,1498756978
643,False,1498756983
644,False,1498756987
645,False,1498756992
646,False,1498756996
647,False,1498757001
648,False,1498757005
649,False,1498757010
650,False,1498757014
651,False,1498757019
652,False,1498757023
653,False,1498757028
654,False,1498757033
655,False,1498757037
656,False,1498757042
657,False,1498757046
658,False,1498757051
659,False,1498757055
660,False,1498757060
661,False,1498757064
